{
  "spendingPowerLatency": 0.0000268501,
  "riskStateLatency": 0.000010299399999999992,
  "totalLatency": 0.00003714949999999999,
  "throughput": 26918262
}